42.856063	74.666530		
42.836285	74.622229	4-й микрорайон	4-й микрорайон
42.837032	74.622068	4-й микрорайон	4-й микрорайон
42.839578	74.622277	3-й микрорайон	3-й микрорайон
42.841098	74.622701	4-й микрорайон	4-й микрорайон
42.869427	74.605070	бульвар Эркиндик	бульвар Эркиндик
42.869509	74.607327	бульвар Эркиндик	бульвар Эркиндик
42.868909	74.617645		
42.868611	74.611177	Моссовет (Улица Московская)	Москва көчөсү
42.869753	74.611509	Моссовет	Моссовет
42.873682	74.611436	Абдрахманова - Киевская	Абдрахманов - Киев
42.876173	74.611810	ЦУМ	ЦУМ
42.875747	74.613051	ЦУМ	Айчүрөк БУД
42.875444	74.616165	ГУМ Чынар	ГУМ Чынар
42.875548	74.619231	Детский мир	Детский мир
42.875226	74.620752	1000 мелочей	1000 мелочей
42.875253	74.627222	Рынок Таалай	Рынок Таалай
42.881323	74.588924	КНУ	КНУ
42.882114	74.588698	КНУ	КНУ
42.880166	74.611635	Цирк	Цирк
42.881064	74.611896	Цирк	Цирк
42.886745	74.627912	Восточный автовокзал	Восточный автовокзал
42.886724	74.629914	Восточный автовокзал	Восточный автовокзал
42.869935	74.592294	сквер Тоголок Молдо	сквер Тоголок Молдо
42.869090	74.613585		
42.869163	74.615844		
42.871696	74.620487	Карвен Клуб	Карвен Клуб
42.875213	74.634985	Свердловский акимиат	Свердловский акимиат
42.874588	74.603546	Площадь Ала-Тоо	Ала-Тоо аянты
42.874685	74.607563	Бульвар Эркиндик	Бульвар Эркиндик
42.875631	74.610151	Ала-Тоо кинотеатры	Ала-Тоо кинотеатры
42.875941	74.608227	Ала-Тоо кинотеатры	Ала-Тоо кинотеатры
42.843503	74.591384	Алиаскар Токтоналиев	Алиаскар Токтоналиев
42.843436	74.586726	Политех	Политех
42.844038	74.586193	Политех	Политех
42.843251	74.593267	Алиаскар Токтоналиев	Алиаскар Токтоналиев
42.843241	74.601271	БШТТ	БШТТ
42.843018	74.602246	БШТТ	БШТТ
42.842908	74.606548	Иса Ахунбаев атындагы Кыргыз мамлекеттик медицина академиясы	Иса Ахунбаев атындагы Кыргыз мамлекеттик медицина академиясы
42.843085	74.607790	Иса Ахунбаев атындагы Кыргыз мамлекеттик медицина академиясы	Иса Ахунбаев атындагы Кыргыз мамлекеттик медицина академиясы
42.842384	74.617166	Кыргыз мамлекеттик дене тарбия жана спорт академиясы	Кыргыз мамлекеттик дене тарбия жана спорт академиясы
42.842675	74.614856	Кыргыз мамлекеттик дене тарбия жана спорт академиясы	Кыргыз мамлекеттик дене тарбия жана спорт академиясы
42.847840	74.586096	улица Айни	улица Айни
42.848981	74.586443	Университет Манас	Университет Манас
42.854201	74.586735	Шампанвинкомбинат	Шампанвинкомбинат
42.853275	74.586416	Шампанвинкомбинат	Шампанвинкомбинат
42.860253	74.587071	Госрегистр	Госрегистр
42.859274	74.586709	Госрегистр	Госрегистр
42.867351	74.587179	Боконбаева	Боконбаева
42.868044	74.587613	Боконбаева	Боконбаева
42.873319	74.587834	Токтогула	Токтогула
42.877157	74.588437	Филармония	Филармония
42.883934	74.591032	Карасуйская	Карасуйская
42.883731	74.591920	Исанова	Исанова
42.883748	74.595597	Воскресенский собор	Воскресенский собор
42.883622	74.598495	Воскресенский собор	Воскресенский собор
42.883835	74.600884	Панфилова	Панфилова
42.884226	74.601234	Панфилова	Панфилова
42.884653	74.606210	Эркиндик бульвары	Эркиндик бульвары
42.884408	74.608345	Эркиндик	Эркиндик
42.885007	74.611218	Советская	Советская
42.884683	74.612558	ГОИН	ГОИН
42.824988	74.621335	6 микрорайон	6 микрорайон
42.828132	74.622808	7 микрорайон	7 микрорайон
42.832488	74.621972	5 микрорайон	5 микрорайон
42.842356	74.621791	Юнусалиев	Юнусалиев
42.885605	74.620031	Центральная мечеть	Центральная мечеть
42.814280	74.629831	Асанбай кичи району	Асанбай кичи району
42.814849	74.628124	улица Токомбаева, 2	улица Токомбаева, 2
42.829591	74.622116	5 микрорайон	5 микрорайон
42.885349	74.611850	Жибек Жолу	Жибек Жолу
42.885466	74.611643	Жибек Жолу	Жибек Жолу
42.889317	74.611468	Куренкеева	Куренкеева
42.876780	74.579618	Академия наук (Кыргызский государственный юридический университет)	Кыргыз мамлекеттик юридикалык университети
42.877233	74.579766	Академия наук (Кыргызский государственный юридический университет)	Кыргыз мамлекеттик юридикалык университети
42.837954	74.608344		
42.837442	74.608809		
42.840361	74.608410	Детская больница № 3	Детская больница № 3
42.837129	74.616092		
42.836918	74.617032		
42.875451	74.586540		
42.875107	74.590650	Бишкек Парк	Бишкек Парк
42.841886	74.633106	Улан кичи району	Улан кичи району
42.841671	74.633751	Улан кичи району	Улан кичи району
42.856370	74.627202		
42.851508	74.634288		
42.855661	74.634970	Анкара	Анкара
42.856231	74.633999	Торговый центр Технопарк	Технопарк соода борбору
42.861474	74.636270		
42.861596	74.636815		
42.875066	74.625018	улица Суюнбаева	улица Суюнбаева
42.875168	74.538910	Школа №49	Школа №49
42.875686	74.542608	Район Кызыл-Аскер	Кызыл-Аскер району
42.876792	74.551312		
42.876732	74.552742	Рынок «Элит Строй»	«Элит Строй» базары
42.877811	74.558478		
42.877389	74.557446	Интергельпо	Интергельпо көчөсү
42.878265	74.615127	Ред Центр	Ред Центр
42.881181	74.615092	Цирк	Цирк
42.875803	74.573562		
42.876485	74.571898		
42.875433	74.571523		
42.877354	74.573943	Заводская	Заводская
42.877294	74.570572	Торговый центр «Кыял» Ошский рынок	Ошский рынок «Кыял» соода борбору
42.884967	74.575244		
42.877867	74.576234		
42.884630	74.574967		
42.896025	74.574727		
42.896033	74.574397		
42.930279	74.615931	Кожзавод	Кожзавод
42.929940	74.616263	Кожзавод	Кожзавод
42.864507	74.546868		
42.873849	74.636901		
42.875806	74.637165		
42.875194	74.639492	Камволдук-нооту комбинаты	Камволдук-нооту комбинаты
42.888026	74.634244	улица Курманжан Датка	улица Курманжан Датка
42.870284	74.588776	улица Манаса	улица Манаса
42.870104	74.589370	улица Манаса	улица Манаса
42.858610	74.610593	Юг-2	Юг-2
42.875967	74.576413		
42.875628	74.578690		
42.875133	74.593843	улица Тоголок Молдо	улица Тоголок Молдо
42.874843	74.596972	Военторг	Военторг
42.876075	74.596901	Кинотеатр Россия	Кинотеатр Россия
42.875855	74.617629		
42.843379	74.609020		
42.877650	74.563941	Ленинская районная администрация	Ленин райондук администрациясы
42.885014	74.567390		
42.872120	74.617268		
42.869651	74.599430	Республиканская больница	Республиканская больница
42.869851	74.598101	Республиканская больница	Республиканская больница
42.870053	74.593571	сквер Тоголок Молдо	сквер Тоголок Молдо
42.876408	74.589053	Филармония имени Токтогула Сатылганова	Токтогул Сатылганов атындагы Кыргыз улуттук филармониясы
42.867169	74.611384	улица Боконбаева	улица Боконбаева
42.847427	74.623177	Суванбердиева	Суванбердиева
42.888209	74.637810	Аламединский рынок	Аламединский рынок
42.835475	74.623237		
42.844488	74.608834	Ахунбаева	Ахунбаева
42.868934	74.623413		
42.869446	74.620453		
42.868084	74.616396		
42.864055	74.606580		
42.866928	74.616888		
42.864328	74.606745		
42.872949	74.449381		
42.873190	74.447395		
42.852574	74.609956		
42.870766	74.575991	Иманалы Айдарбеков көчөсү	Иманалы Айдарбеков көчөсү
42.848341	74.609245	Завод Дастан	Завод Дастан
42.851473	74.609539		
42.869147	74.620697		
42.874936	74.623392		
42.871232	74.623961		
42.817098	74.624616	МТУ №7	МТУ №7
42.833643	74.607942	Мебельный	Мебельный
42.883107	74.670592	Чкалова	Чкалова
42.882798	74.671618	Чкалова	Чкалова
42.881974	74.678741	Калинина	Калинина
40.519243	72.800891		
42.871145	74.571985	Роддом №2	Роддом №2
42.876589	74.596129		
42.856493	74.620078	Торговый центр Таш-Рабат	Таш-Рабат соода борбору
42.856804	74.615554		
42.826560	74.613550		
42.818156	74.623852	МТУ №7	МТУ №7
42.819269	74.621356	Асанбай сейил багы	Асанбай сейил багы
42.820024	74.620914	Парк Асанбай	Парк Асанбай
42.821522	74.618630	Сухэ-Батор	Сухэ-Батор
42.821645	74.617578	Сухэ-Батора	Сухэ-Батора
42.828027	74.608263	8-й микрорайон	8-кичирайон
42.828263	74.605109		
42.829966	74.607263	10 микрорайон	10 микрорайон
42.828384	74.608114	8-й микрорайон	8-кичирайон
42.835156	74.607845	9 микрорайон	9 микрорайон
42.846967	74.597273		
42.846196	74.597691		
42.886717	74.522341		
42.887024	74.522555		
42.849149	74.609575	Завод Дастан	Завод Дастан
42.874953	74.628179	Центр семейной медицины №4	Центр семейной медицины №4
42.874062	74.509475	Киркомстром - Школа № 42	Киркомстром - № 42 мектеп
42.880887	74.596439	Стадион Спартак	Стадион Спартак
42.884024	74.615119		
42.884460	74.596679		
42.884637	74.567029		
42.853816	74.535573		
42.852846	74.511446		
42.872245	74.434772		
42.872683	74.433599		
42.874723	74.528108		
42.835734	74.621367		
42.859541	74.615315	Ибраимов	Ибраимов
42.841117	74.636379		
42.842508	74.636468		
42.848915	74.623019	Суванбердиева	Суванбердиева
42.832865	74.585541	Посольство Казахстана	Посольство Казахстана
42.837469	74.585534	Ак-Кеме мейманканасы	Ак-Кеме мейманканасы
42.841702	74.568395	Нижний Джал	Нижний Джал
42.842533	74.585781	Политех	Политех
42.856481	74.610050	ТРЦ Вефа	ТРЦ Вефа
42.870454	74.581704	улица Шевченко	улица Шевченко
42.870565	74.583262	улица Шевченко	улица Шевченко
42.860438	74.616759	Ибраимов	Ибраимов
42.865948	74.573110		
42.842823	74.609428	Ахунбаев	Ахунбаев
42.833279	74.566468	Средний Джал	Средний Джал
42.842457	74.568635	Нижний Джал	Нижний Джал
42.843690	74.571390	Детская больница	Детская больница
42.843927	74.570701	Детская больница	Детская больница
42.838047	74.568550	Средний Джал	Средний Джал
42.829751	74.568301	Проспект Абсамата Масалиева	Проспект Абсамата Масалиева
42.830627	74.569376	Верхний Джал	Верхний Джал
42.843629	74.584193	Политех	Политех
42.834996	74.569048		
42.829309	74.574167	Бакаева	Бакаева
42.827198	75.303318	Панфилова	Панфилова
42.835091	75.303256	Телеком	Телеком
42.834978	75.303596	Телеком	Телеком
42.844499	75.305303	Горбольница	Горбольница
42.838440	75.291207	Бакай Банк	Бакай Банк
42.822999	75.303397	Гостиница	Гостиница
42.836389	75.289896	Самолет	Самолет
42.838547	75.291488	Универмаг	Универмаг
42.829805	75.302861	Автобаза	Автобаза
42.817371	75.290789	Покровская	Покровская
42.840910	75.282162	Городская Баня	Городская Баня
42.837612	75.291939	Мегаполис	Мегаполис
42.843492	75.272163	Ворошилова	Ворошилова
42.843608	75.272214	Ворошилова	Ворошилова
42.840139	75.286046		
42.838475	75.289407	Парк отдыха	Парк отдыха
42.847596	75.248996	Конечная	Конечная
42.812507	75.307632	ПОШ	ПОШ
42.836779	75.300686	Кинотеатр Космос	Кинотеатр Космос
42.841725	75.292171	Салтанат	Салтанат
42.842984	75.292378	Мечеть	Мечеть
42.806555	75.311809	Молзавод	Молзавод
42.836940	75.300741	Кинотеатр Космос	Кинотеатр Космос
42.791763	75.317130	Воданапорная Башня	Водонапоная башня
42.798217	75.313242	Стекольный	Стекольный
42.812902	75.307029	ПОШ	ПОШ
42.798611	75.313288	Стекольный	Стекольный
42.794595	75.315996	Тоо-Таш	Тоо-Таш
42.785807	75.308063	1 Микрорайон	1 Микрорайон
42.785871	75.308480	Пятачок	1 Микрорайон
42.788694	75.316451	Базарчик	Базарчик
42.837761	75.292391	Бону	Бону
42.844862	75.267011	Громова	Громова
42.910854	74.612619	Витебская	Витебская
42.910106	74.612396	Витебская	Витебская
42.915333	74.612382	Дорожная	Дорожная
42.914520	74.612609	Дорожная	Дорожная
42.921756	74.612019	Туббольница	Туббольница
42.921748	74.611820	Туббольница	Туббольница
42.924875	74.612061		
42.928909	74.610903		
42.929211	74.611327		
42.924624	74.611836		
42.890399	74.611635	Күрөңкеев	Күрөңкеев
42.904237	74.612417	Школьная	Школьная
42.907180	74.612638	Турбаза	Турбаза
42.893729	74.611568	Баялинова	Баялинова
42.891855	74.611391	Баялинов	Баялинов
42.906697	74.612448	Турбаза	Турбаза
42.898575	74.611890	БЧК	БЧК
42.838652	75.303711	Домоуправление	Домоуправление
42.845333	75.305408	АРЗ	АРЗ
42.900312	74.597747		
42.864622	74.545660	Пишпек	Пишпек
42.898086	74.611614	БЧК	БЧК
42.790631	75.318416	3 Микрорайон	3 Микрорайон
42.789725	75.302476	КПФ	КПФ
42.784820	75.320329	3 Микрорайон	3 Микрорайон
42.802256	75.313918	Радиозавод	Радиозавод
42.217389	75.760273		
42.833206	74.621742	7 микрорайон	7 микрорайон
42.805470	74.567348		
42.878018	74.668619		
42.878315	74.666865		
42.851856	74.567002	Баня	Баня
42.851726	74.568329	баня	баня
42.852428	74.567698		
42.701509	74.539765		
42.821019	74.628803		
42.821530	74.629245		
42.903144	74.612174	Школьная	Школьная
42.852168	74.623592		
42.856321	74.624417	Городское ГАИ	Городское ГАИ
42.853813	74.623371	Карасаева	Карасаева
42.867848	74.586632		
42.873114	74.564515	Мясокомбинат	Мясокомбинат
42.843790	74.576473	Бакаева	Бакаева
42.872084	74.567325	Кулиева	Кулиева
42.873127	74.563846	Мясокомбинат	Мясокомбинат
42.876997	74.562910		
42.868742	74.575354		
42.873187	74.581852		
42.857293	74.598410	улица Чехова	улица Чехова
42.857469	74.594304	переулок Новосибирский	переулок Новосибирский
42.857304	74.595062	переулок Новосибирский	переулок Новосибирский
42.878831	74.562572		
42.807394	73.848433		
42.803214	73.850767	Шлагбаум	Шлагбаум
42.859662	74.611715		
42.859516	74.611784		
42.886518	74.636091		
42.819723	73.850165	Водоканал	Водоканал
42.820005	73.849840	Детский сад	Детский сад
42.692920	74.525392	Кашка-Суу	Кашка-Суу
42.802594	75.314244	Радиозавод	Радиозавод
42.789860	75.302153	КПФ	КПФ
42.828665	75.291910	Народный	Народный
42.827281	75.302883	Панфилова	Панфилова
42.783427	75.316560	3 Микрорайон	3 Микрорайон
42.783624	75.316349	3 Микрорайон	3 Микрорайон
42.784911	75.319909	3 Микрорайон	3 Микрорайон
42.817383	75.290527	Покровская	Покровская
42.214845	75.751568		
42.844030	75.310301	Горбольница	Горбольница
42.790604	75.319153	3 Микрорайон	3 Микрорайон
42.881295	74.697192		
42.875953	74.690640	городок Строителей	городок Строителей
42.874245	74.688972	Городок Строителей	Городок Строителей
42.875838	74.690321	городок Строителей	городок Строителей
42.875139	74.683471		
42.879712	74.690024	Проспект Ленина	Проспект Ленина
42.879088	74.691106	Сельская	Сельская
42.879434	74.691573	Сельская	Сельская
42.879607	74.689572	Аламедин1	Аламедин1
42.877501	74.674121		
42.877375	74.674979		
42.878267	74.678213		
42.876839	74.677892		
42.880740	74.685313	улица Садовая	улица Садовая
42.876659	74.678027		
42.877799	74.677961		
42.849270	74.544477		
42.852017	74.542076		
42.848803	74.545796		
42.852112	74.537795		
42.852079	74.535017		
40.927570	73.000510		
40.926492	72.976992		
40.927980	72.982056		
40.945026	72.991844		
40.911345	72.938293		
40.928687	73.001440		
42.879134	74.526014		
42.874949	74.640991	Камвольно-суконный комбинат	Камволдук-нооту комбинаты
42.873864	74.689838	Городок Строителей	Городок Строителей
42.892410	74.864137		
42.874692	74.531728	Кайназаровой	Кайназарова көчөсү
40.005853	70.835600	101	101
42.814330	74.640488	12-й микрорайон	12-й микрорайон
42.796924	74.574156		
42.801270	74.571632		
42.801088	74.571428	1-я Школьная	1-я Школьная
42.804882	74.570606	Стекляшка	Стекляшка
42.788517	74.578041	Карьерная	Карьерная
42.788699	74.577659	Карьерная	Карьерная
42.796586	74.574068	2 Школьная	2 Школьная
42.870808	74.578329	улица Калыка Акиева	улица Калыка Акиева
42.801898	74.573612		
42.872064	74.568271	Кулиева	Кулиева
42.855277	74.689452		
42.854891	74.688989		
42.855589	74.682177		
42.855745	74.677734	"Ала-Тоо" университети	"Ала-Тоо" университети
42.855761	74.656138		
42.855883	74.674346		
42.856101	74.668832		
42.855516	74.655651		
42.856246	74.643516		
42.856054	74.643983		
42.856564	74.621242		
41.632253	72.691461		
41.632396	72.691290		
41.634741	72.703557		
41.636467	72.705268		
41.638800	72.708593		
41.639856	72.720942		
41.640300	72.721558		
41.695751	72.928984		
41.695886	72.929448		
40.496342	72.825533	Жетиген	Жетиген
40.493433	72.827596	OHPI	OHPI
40.485851	72.832117	ОшТУ	ОшТУ
42.873776	74.568094		
42.872620	74.568746		
40.944805	72.989439		
42.878776	74.661709		
42.878469	74.663197		
42.878840	74.657290		
42.878285	74.656946		
42.877867	74.657338		
42.875201	74.656096	Лермонтова	Лермонтов көчөсү
42.883503	74.688739	Туберкулезная больница	Туберкулезная больница
42.885445	74.679262	Сельсовет	Сельсовет
42.886381	74.678779	Калинин	Калинин
42.804786	74.744251		
42.886251	74.656563	Школа	Школа
42.882478	74.656059	Кыргызэлектродвигатель	Кыргызэлектродвигатель
42.883075	74.656273	Кыргызэлектродвигатель	Кыргызэлектродвигатель
42.888676	74.655753	улица Жибек-Жолу	улица Жибек-Жолу
42.883693	74.666202	Быткомбинат	Быткомбинат
42.883324	74.667302	Быткомбинат	Быткомбинат
42.766425	74.650161		
42.772180	74.649906	Ырыскы	Ырыскы
42.772397	74.649775	Бакбаева Сагыналы	Бакбаева Сагыналы
42.884064	74.659710	Аламудунский акимиат	Аламудунский акимиат
42.884227	74.660078	Аламудунский акимиат	Аламудунский акимиат
42.874838	74.684489		
42.883655	74.689270	Туберкулезная больница	Туберкулезная больница
42.875206	74.630997	Восток-5	Восток-5
42.885954	74.677935	Сельсовет	Сельсовет
42.884439	74.654910	Школа	Школа
42.876196	74.564215		
42.461829	76.188135		
42.935659	74.620625	Dordoi	Dordoi
42.874921	74.689910	Аламедин-1	Аламедин-1
42.864625	74.338331	Машзавод	Машзавод
42.864752	74.346242	Сахзавод	Сахзавод
42.895634	74.559049		
42.859805	74.666003	остановка МУИТ	остановка МУИТ
41.649577	72.735971		
41.649626	72.735051		
42.938157	74.488828		
42.945728	74.480067		
42.955799	74.468639		
42.955851	74.469206		
42.982072	74.440527		
42.982577	74.440604		
42.994247	74.438153		
42.995236	74.437719		
43.024367	74.435867		
42.912605	74.518258		
43.000842	74.437568		
42.810227	74.566445	ж/м Ынтымак	ж/м Ынтымак
42.216819	75.759029		
40.499292	72.823138	Бассейн	Бассейн
40.498542	72.823878	Енисей	Енисей
41.062965	72.639187		
41.062848	72.638725		
42.601251	74.909343	Иссык-Ата	Иссык-Ата
42.860445	74.610531	Кулатова	Кулатов көчөсү
42.848381	74.585694		
42.851713	74.575083		
42.851861	74.574256		
42.870744	74.636621		
42.857466	74.588199	Ботанический сад	Ботанический сад
41.452492	71.572083		
41.457163	71.579532		
42.537175	78.382185		
42.538624	78.383143	Bus stop	Bus stop
42.864431	74.569163		
42.857026	74.604821	Школа №29	Школа №29
42.857600	74.589437	Ботанический сад	Ботанический сад
42.832527	74.123718		
42.833078	74.123659		
42.833978	74.123683		
42.834317	74.124272		
42.834113	74.099379		
42.857140	74.600676	улица Панфилова	улица Панфилова
42.857144	74.604117	Школа №29	Школа №29
42.820759	75.304047	Он-Бир Жылга	Он-Бир Жылга
42.825429	73.679067		
42.825732	73.678528		
42.826468	73.668520		
42.822511	73.665661		
42.844094	74.622614	Жантөшев	Жантөшев
41.781961	73.268981		
41.782691	73.267938		
42.804846	74.589095	Орто-Сай	Орто-Сай
42.805290	74.589780	Орто-Сай	Орто-Сай
42.916472	74.572545		
42.917444	74.572779		
42.922970	74.571477		
42.923569	74.571642		
42.856042	74.636614		
42.852511	74.512250		
42.852325	74.521070		
42.852662	74.519981		
42.852810	74.512760		
42.852194	74.528726		
42.852534	74.526208	Теплицы	Күнөзканалар
42.855271	74.684403		
42.891452	74.855809		
42.879154	74.864633		
42.890821	74.852397		
42.891615	74.851081		
40.566881	72.800964		
42.761680	74.569502	Арка	Арка
39.752856	70.044314	Маршрут Исфана	Маршрут Исфана
42.815457	73.845564	Пушкина	Пушкина
42.815331	73.845880	Пушкина	Пушкина
42.824337	73.849152		
42.825003	73.846415		
42.824593	73.845255		
42.824183	73.841567	Чалдоварская остановка	Чалдоварская остановка
42.799742	73.851217		
42.803969	73.850112		
42.807941	73.848374		
42.800948	73.850442		
42.800880	73.850363		
39.811120	73.239024		
39.994721	73.489961		
40.286866	73.477254		
40.357242	73.144640		
40.386759	73.111059		
40.402397	73.101342		
40.410758	73.097305		
40.425427	73.091136		
42.852415	74.532404		
42.909864	74.646636		
42.910026	74.643852		
42.904627	74.644346		
42.893665	74.646545		
42.845374	74.520088		
42.845850	74.520366		
42.825130	75.296971	Шоссейная	Шоссейная
42.792443	73.678096		
41.633692	72.664303		
41.633633	72.664161		
41.629798	72.665339		
41.629987	72.665597		
41.630742	72.668084		
41.626638	72.674622		
41.630854	72.686887		
41.646753	72.728418		
41.646216	72.727506		
41.892365	72.910037		
41.865426	72.994686		
42.701186	74.531689		
42.736469	74.540784		
42.747124	75.251811		
40.313325	72.279562	"Додон"	"Додон"
42.840036	74.520018	№77 мектеп	№77 мектеп
42.858959	74.568403		
42.860594	74.568837		
42.899294	74.574158		
40.690579	73.175031	Аялдама	Аялдама
42.876890	74.694032		
42.878282	74.696572		
42.811044	75.610985		
42.810544	75.612187		
42.808599	75.626677		
42.806837	75.633154		
41.137953	75.681069	Kara-Suu 1	Kara-Suu 1
41.378883	75.637626		
41.412910	75.710855		
41.423482	75.741000		
41.413557	75.713426		
41.368572	75.599036		
41.456467	75.127058	Oстановка	Oстановка
41.405491	74.857904		
42.824903	74.614108		
42.924245	74.632357		
42.919238	74.629647	МТФ	МТФ
42.920223	74.630357	МТФ	МТФ
42.926014	74.632940		
42.929646	74.634743		
42.930607	74.635513		
42.934980	74.637787		
42.936323	74.638514		
42.939765	74.641088		
42.940162	74.641627	Поворот на Мыкан	Поворот на Мыкан
42.932378	74.601966		
42.935508	74.602206		
42.938434	74.602037		
42.941057	74.599065		
42.941605	74.595279	Кирпичный завод	Кирпичный завод
42.913762	74.600683		
42.914756	74.601023		
42.918994	74.601101		
42.920104	74.601368		
42.923044	74.601378		
42.923838	74.601654		
42.925463	74.601769		
42.926316	74.601597	Нижне-Аларчинская средняя школа	Нижне-Аларчинская средняя школа
42.929399	74.601773		
42.932321	74.602178		
42.903314	74.608696		
42.909344	74.573567		
42.910841	74.573698		
42.928687	74.570297	Маевка	Маевка
42.885751	74.576026		
42.885781	74.576343		
42.891671	74.575358		
42.904846	74.573623		
42.889578	74.603144		
42.892180	74.596593		
42.884335	74.564177		
42.885874	74.596565		
42.891261	74.597098		
42.892844	74.597422		
42.902517	74.597519		
42.904772	74.597761		
42.906465	74.597567		
41.427298	75.984723		
41.425737	75.965511		
41.425987	75.965326		
41.426850	75.982412		
41.426147	75.959501		
41.427183	75.946369		
41.427247	75.947271		
41.427682	75.941141		
41.427756	75.941914		
41.430137	75.925429		
41.430904	75.911626		
42.833169	74.505380		
41.360303	75.523392		
41.361142	75.507664	Средняя школа имени Абдылда Аралбаева	Средняя школа имени Абдылда Аралбаева
41.393396	75.213951	Сары-Ой	Сары-Ой
42.856374	74.439763	223	223
41.427733	75.989120		
41.428333	75.999532	Сон-Кол	Сон-Кол
41.425329	76.011932		
41.426167	76.010793		
41.427279	76.006851		
41.423589	76.017881		
41.423861	76.017497		
41.136609	75.679642		
41.199977	75.733823		
41.425320	76.043956		
41.426860	76.052103		
41.429141	76.059721		
41.438406	76.129512		
42.523044	72.267126		
42.523360	72.260330		
42.525933	72.244580		
42.526767	72.239916		
42.527594	72.232524		
42.527703	72.233328	Рустам	Рустам
42.518739	72.302283		
42.509203	72.365819		
42.510050	72.358949		
42.510378	72.358453		
42.510420	72.346351		
42.510757	72.361245		
42.510929	72.344897		
42.513231	72.328110		
42.516309	72.312889		
42.516653	72.311993		
42.500123	72.427606		
42.500593	72.426635		
40.863987	73.042117		
42.522427	72.242942		
42.527052	72.212540	Автобаза	Автобаза
42.523141	72.254024		
42.520868	72.252038		
42.515475	72.249515		
42.517240	72.247386		
42.517106	72.362353		
42.522177	72.366450		
42.531112	72.373486		
42.485040	72.487152		
42.485186	72.505091		
42.485493	72.503831		
42.485008	72.513150		
42.485187	72.512776		
42.472669	72.614245		
42.472932	72.614173		
42.483473	72.583156		
42.484551	72.580071		
42.486902	72.569334		
42.766299	76.156594	Аялдама	Аялдама
42.399900	72.991578		
42.408575	72.959762		
42.409116	72.959455		
42.452229	72.724080		
42.453034	72.722195		
42.466587	72.654600		
42.466763	72.655029		
41.887814	72.918151		
41.891834	72.910390		
41.903084	72.902506		
41.904176	72.902556		
41.874576	72.962765		
41.863234	73.001427		
41.846902	73.081363		
41.764748	73.288990		
41.765594	73.197443		
41.766027	73.194813		
41.842683	73.152528		
41.843412	73.149321		
41.762392	73.129388		
41.762410	73.131933		
42.515004	72.245954	Buses to Manas ordo	Buses to Manas ordo
41.638244	72.706284		
41.638823	72.708268		
41.652115	72.747883		
41.652489	72.748914		
41.657031	72.768699		
41.631022	72.686147		
41.625977	72.653230		
41.626024	72.653981		
41.627656	72.676607		
41.478904	72.297971		
41.614941	72.622768		
41.615474	72.623091		
41.618676	72.631178		
41.367276	72.236074		
41.368513	72.236710		
41.371185	72.234519		
41.372343	72.235042		
41.375877	72.236977		
41.376139	72.237296		
41.381448	72.234189		
41.382266	72.230815		
41.383633	72.225214		
41.385574	72.222956		
41.560690	72.173845		
41.663875	72.054322		
41.665357	72.045595		
41.691647	71.994331		
41.716667	71.975470		
42.835371	74.629030	4 микрорайон	4 микрорайон
42.834688	74.100751	Остановка	Остановка
42.821042	75.290211	Полевая	Полевая
42.827236	75.290314	Айыл банк	Айыл банк
42.830422	75.290302	Автовокзал	Автовокзал
42.814050	75.290627	Вет городок	Вет городок
42.821329	75.290440	Полевая	Полевая
42.826179	75.290146	Чайная	Чайная
42.822933	75.290392	Чуйский акимиат	Чуйский акимиат
42.825526	75.290426	Чайная	Чайная
42.828586	75.290290	Народный	Народный
41.266683	72.220161		
41.267634	72.220459		
41.293372	72.209228		
41.293936	72.209157		
41.170871	72.188382		
41.171554	72.188029		
41.183986	72.188614		
41.194680	72.189079		
41.195746	72.189478		
41.203945	72.191746		
41.204392	72.191654		
41.228829	72.209033		
41.231231	72.211232		
41.248116	72.215723		
41.249095	72.216251		
41.055095	72.210867		
41.058287	72.209452		
41.049848	72.293486		
41.238039	72.438740		
41.245744	72.451092		
41.245902	72.451303		
41.250857	72.458781		
41.039944	72.439627		
41.040427	72.454567		
41.040497	72.455452		
41.043168	72.421111		
41.043727	72.400309		
41.044207	72.390068		
41.028878	72.518612		
41.034754	72.559084		
41.034964	72.472135		
41.044065	72.582125		
41.062396	72.701044		
41.064029	72.647348		
41.064443	72.683015		
40.002703	70.822804	Ынтымак	Ынтымак
40.864634	72.987482		
40.860812	72.986011	Ош-Бишкек	Ош-Бишкек
40.864421	72.987517	Кызыл-Багыш	Кызыл-Багыш
40.493080	72.660447		
42.750279	73.885426		
42.517323	72.270205		
42.516228	72.274673		
42.473557	78.530057	Marshutka 350 Bus Stop	Marshutka 350 Bus Stop
42.114226	76.996019		
40.565283	72.805615		
40.556154	72.802822		
40.557151	72.803154		
40.561291	72.803470		
40.561736	72.803913		
42.905569	74.572602		
42.693223	75.875528		
42.645522	75.865359		
42.488642	75.856819		
42.468106	75.903285		
42.468258	75.901805		
42.468466	75.901390		
42.462196	76.054159		
42.462752	76.052246		
42.454136	76.158140		
42.454593	76.155992		
42.828666	74.603541	Парк Победы	Парк Победы
39.809286	73.237206		
39.849949	73.324349		
39.850004	73.324470		
39.898846	73.418927		
39.898937	73.419010		
39.968819	73.486962		
39.969221	73.487145		
39.994425	73.489924		
40.005328	73.490715		
40.005395	73.490955		
40.021299	73.493331		
40.030139	73.512330		
40.030106	73.512958		
40.035744	73.527958		
40.035817	73.528238		
40.057484	73.542662		
40.057639	73.542708		
40.180463	73.489964		
40.259611	73.417411		
40.259715	73.417507		
40.266534	73.423399		
40.266601	73.423587		
40.282929	73.431485		
40.409293	73.098136		
40.425181	73.091235		
40.650060	73.107331		
40.606741	73.013647		
40.606924	73.013122		
40.612037	73.021922		
40.612505	73.022906		
42.523535	78.361865		
42.520280	78.363225		
42.526407	78.360701		
42.529712	78.359389		
40.926133	73.000124		
40.528256	72.794920	Араванский	Араванский
42.504739	78.392633	Остановка Автобусов	Остановка Автобусов
42.504642	78.393687	Маршрутки на Бишкек	Маршрутки на Бишкек
42.718533	77.482010		
42.504119	78.393818	Автовокзал	Автовокзал
42.499181	78.387781	Абдрахманова	Абдрахманова
42.747728	75.820118		
40.458015	72.842618	Жеткинчек	Жеткинчек
40.527839	72.797373	школа Кирова	школа Кирова
42.718606	77.485349		
42.890857	74.863981		
41.427870	76.005899		
42.906061	74.564103		
42.834014	74.098922	Городская остановка	Городская остановка
42.431461	78.213773		
42.431022	78.213686		
42.458511	78.206051		
42.457875	78.206424		
40.539374	72.803471		
40.538934	72.803362	ТЦ Рамазан	ТЦ Рамазан
40.546075	72.801375	Горстомполиклиника №1	Горстомполиклиника №1
40.544213	72.802114		
42.821538	73.665530		
41.926927	74.518938		
41.925424	74.512374		
41.932360	74.534999		
40.550339	72.801552		
40.549814	72.801401		
41.430923	75.911440		
41.430674	75.911501		
41.430524	75.920785		
41.428485	75.933150		
41.430617	75.917282		
41.426916	75.976302		
41.426551	75.975197		
41.427833	75.988790		
41.430389	75.987427		
42.880178	74.616978		
42.880525	74.685921	улица Садовая	улица Садовая
42.873768	74.676466	Депо-2	Депо-2
42.837246	74.612301		
42.845804	74.634733	Микрорайон Улан и Улан 2	Микрорайон Улан и Улан 2
42.841782	74.635139		
43.053671	74.468723	Аэропорт Манас	Аэропорт Манас
41.426778	75.974928		
41.425946	75.969142		
41.426112	75.968444		
41.426908	75.977568		
42.954295	74.652033	Остановка	Остановка
42.483899	78.375887		
42.491097	78.393739	Бурана	Бурана
42.484043	78.379396		
41.448306	76.241330		
42.870974	74.571680	Роддом №2	Роддом №2
40.772541	73.402298		
41.336458	72.202009	Bus Terminal	Bus Terminal
41.345213	72.216986	Bus Stop	Bus Stop
41.801273	71.957599	Arkyt	Arkyt
42.892638	74.863517		
42.872404	74.689497		
42.608705	79.011219	Жыргалан	Жыргалаң
42.473028	78.530297	Bus Stop 501 to Karakol	Bus Stop 501 to Karakol
42.844475	74.650280		
42.845519	74.650003		
42.853253	74.650036		
42.852970	74.649856		
42.849720	74.649931		
42.850005	74.650087		
42.857652	74.489571		
40.487921	72.831126	Остановка ОшТУ	Остановка ОшТУ
42.444056	78.413678	Bus No. 101 (to Kakakol centre)	Bus No. 101 (to Kakakol centre)
42.722563	77.556933		
42.734449	77.670269		
42.735188	77.849103		
42.737167	77.939551		
41.007927	72.669352	Жогорку Арал	Жогорку Арал
41.337125	72.928164	Marshrutka stop	Marshrutka stop
42.873704	74.572254		
40.505148	72.773956		
40.504827	72.773975		
42.874582	74.610530	Киевская	Киев
42.917132	74.612265		
42.877746	74.566308	улица Павлова	улица Павлова
42.877768	74.566049		
40.709174	72.891092		
42.855566	74.586577	Азия Молл	Азия Молл
42.655949	74.495530	Лесхоз	Лесхоз
43.053903	74.470293		
40.770394	73.298572		
40.887159	73.012948		
42.730823	76.120351		
42.722856	76.087059		
42.332136	78.239354		
42.780254	78.539406		
42.478820	78.396198		
42.831899	74.585213	Масалиева	Масалиева
42.827975	74.609796		
42.843629	74.577486	Бакаева	Бакаева
42.861455	74.675972	Аю Гранд Комфорт	Аю Гранд Комфорт
42.861211	74.675547	Аю Гранд Комфорт	Аю Гранд Комфорт
42.481795	78.400165	#101 for Ala-Kul trail / Karakol Gorge / Karakol Ski Center	#101 for Ala-Kul trail / Karakol Gorge / Karakol Ski Center
42.489272	78.526825		
42.521366	72.247701	#309 to Manas Ordo	#309 to Manas Ordo
42.522645	72.265607	#309 to Manas Ordo	#309 to Manas Ordo
42.522262	72.278329	#309 to Manas Ordo	#309 to Manas Ordo
42.479098	78.396114	#101 for Ala-Kul trail / Karakol Gorge / Karakol Ski Center	#101 for Ala-Kul trail / Karakol Gorge / Karakol Ski Center
42.489607	78.390936		
42.524652	72.249624	#309 to Manas Ordo	#309 to Manas Ordo
42.523375	72.258914	#309 to Manas Ordo	#309 to Manas Ordo
42.517445	72.247150	#309 to Manas Ordo	#309 to Manas Ordo
42.524703	72.251288	#309 to Manas Ordo	#309 to Manas Ordo
42.522985	72.326994		
42.850643	74.633818	Микрорайон Кок-Джар (Кок-Жар)	Микрорайон Кок-Джар (Кок-Жар)
42.841964	74.615257	Национальный центр онкологии	Национальный центр онкологии
42.826044	74.622430	6 микрорайон	6 микрорайон
41.405882	74.019772		
42.891279	74.575244		
42.855290	74.651137		
42.869309	74.574448		
40.663141	73.202058	Остановка	Остановка
40.658509	73.209185	Остановка	Остановка
42.827827	74.622899		
42.888421	74.635558		
42.874918	74.631767	Восток-5	Восток-5
42.874171	74.524367	Садыгалиева	Садыгалиев көчөсү
42.650904	77.102445	Голубой Иссык-Куль, Больница	Голубой Иссык-Куль, Больница
42.877908	74.575183		
42.598804	75.814512		
42.452342	78.552871		
41.989298	74.955760		
42.113939	76.996081		
42.877600	74.575148		
42.524446	78.658209		
40.538889	72.855106	ул. Маруфия	ул. Маруфия
42.879891	74.561031		
40.570499	72.762142		
40.561886	72.769855	Автовокзал	Автовокзал
42.216689	75.758173	Bus Bishkek	Bus Bishkek
42.884863	74.569524		
42.829093	74.586933		
42.339958	78.000158		
42.492810	78.387070		
41.638794	72.065458		
42.165190	77.436875		
42.213577	76.635101	Маршрутка	Маршрутка
40.560990	72.770178		
42.502251	78.521342		
42.804938	74.583894		
42.805406	74.584127		
42.848961	74.592053		
41.368617	72.236479		
42.137608	77.183126	Остановка междугороднего транспорта	Остановка междугороднего транспорта
41.136891	72.043535	Аялдама	Аялдама
41.131846	72.071990	Аялдама	Аялдама
42.871185	74.557153	Завод "Фрунзе"	Завод "Фрунзе"
42.875256	74.558109	Кумарыкская	Кумарыкская
42.888500	74.644434	улица Пархоменко	улица Пархоменко
42.885284	74.619952	Центральная мечеть	Центральная мечеть
42.888439	74.653675	улица Целиноградская	улица Целиноградская
42.888494	74.650396	Аламудунское РУВД	Аламудунское РУВД
42.887587	74.656066	Аламудунская прокуратура	Аламудунская прокуратура
42.888749	74.643233	переулок Черкасский	переулок Черкасский
42.888764	74.648586	улица Кантемировская	улица Кантемировская
42.888499	74.639037	Аламединский рынок	Аламединский рынок
42.877967	74.559788	Шлагбаум	Шлагбаум
42.869418	74.610585	Моссовет	Моссовет
40.122418	69.670483		
42.870067	74.676626	Академия МВД	Академия МВД
42.869657	74.676150	Академия МВД	Академия МВД
42.874903	74.658662	Лермонтов көчөсү	Лермонтов көчөсү
42.874937	74.651575	ТЭЦ	ТЭЦ
42.875219	74.648010	Межевая	Межевая
42.857043	74.608890	Вефа Центр	Вефа Центр
42.843514	74.582632	Шота Руставели көчөсү	Шота Руставели көчөсү
40.058169	70.826373		
42.882118	74.678853	Калинина	Калинина
42.864299	74.541982		
42.819610	74.625192		
42.866214	74.631830		
42.866426	74.631793		
40.671566	73.196629	Маданият (Жаңы Чек)	Остановка
42.878467	74.637479		
42.872528	74.594947		
42.818234	74.636855		
42.837550	74.607706		
42.839744	74.630353		
42.837153	74.630533		
42.738723	73.885913		
42.879521	74.561051		
40.174037	69.880475	Душобой	
42.152999	77.044727		
41.049697	72.310779		
40.566556	72.806174		
42.649352	77.185857	Бусы в Бишкек	Бусы в Бишкек (Minibuses to Bishkek)
42.649778	77.187866	Бусы в Бишкек	Бусы в Бишкек (Minibuses to Bishkek)
42.655877	77.185272	Бусы в Бишкек	Бусы в Бишкек (Minibuses to Bishkek)
42.809749	74.592450	ж/м Ала-Арча	ж/м Ала-Арча
42.809090	74.591888	ж/м Ала-Арча	ж/м Ала-Арча
42.885086	74.518080		
42.884526	74.546158		
42.884923	74.545122		
42.884573	74.539769		
42.866746	74.656103	Сары-Өзөн	Сары-Өзөн
42.884577	74.534056		
42.884958	74.535273		
42.884638	74.526602		
42.885037	74.526596		
42.884932	74.541547		
42.867209	74.600771		
39.946033	71.342017		
42.843936	74.558901		
42.843117	74.591794		
42.848874	74.592139		
42.460112	76.207587		
43.024752	74.701753		
42.835860	74.630444		
42.831937	74.551532		
42.831850	74.549578		
42.831643	74.547095		
42.831401	74.544791		
42.828870	74.553945		
42.828671	74.552302		
42.838081	74.552577		
41.269069	74.954539		
42.825975	74.545665		
42.829622	74.574177	Бакаева	Бакаева
42.829402	74.565830	Микрорайон Джал	Микрорайон Джал
42.829629	74.591394	Парк Ынтымак	Ынтымак паркы
42.829467	74.584019	Проспект Чынгыза Айтматова	Проспект Чынгыза Айтматова
42.546952	71.946042	Bus stop	Bus stop
42.604965	71.705966	Bus stop	Bus stop
42.559059	71.928081	Bus stop	Bus stop
42.565099	71.896320	Bus stop	Bus stop
42.538351	72.004179	Bus stop	Bus stop
42.495216	78.392244	Абдрахманова	Абдрахманова
42.498368	78.388228	Абдрахманова	Абдрахманова
42.489318	78.400537	Коенкозова	Коенкозова
42.496157	78.391631	Абдрахманова	Абдрахманова
42.494247	78.394089	Абдрахманова	Абдрахманова
42.493219	78.397966	Городская площадь им. Чингиза Айтматова	Городская площадь им. Чингиза Айтматова
42.492767	78.395202	Токтогула	Токтогула
42.491727	78.394098		
42.491250	78.392991	Токтогула	Токтогула
42.491326	78.395702	Алыбакова	Алыбакова
42.838813	74.504971		
42.836550	74.511563		
42.837454	74.511948		
42.504056	78.393074	Остановка Автобусов	Остановка Автобусов
42.501897	78.390889	улица Прежевальского	улица Прежевальского
42.852089	74.503537		
42.867143	74.689807		
42.867352	74.677724		
42.866611	74.648374		
42.861203	74.651078		
42.857415	74.655398		
42.854999	74.662898		
42.855150	74.663416		
42.506169	78.385581	Магазин Байтерек	Магазин Байтерек
42.506781	78.385956	Магазин Байтерек	Магазин Байтерек
42.834708	74.568793		
42.489569	78.390425		
42.486515	78.385894		
42.487335	78.386854		
42.499049	78.404510	улица Токтогула	улица Токтогула
42.499336	78.405383		
42.489041	78.389983	Токтогула	Токтогула
42.495213	78.399247	улица Токтогула	улица Токтогула
42.496076	78.400135	улица Токтогула	улица Токтогула
42.832516	74.630656		
42.571479	78.304575		
42.574617	78.311877		
42.570187	78.321073		
42.497580	78.382452		
42.493857	78.381441		
42.493981	78.381675		
42.492790	78.382719		
42.491166	78.384180		
42.485508	78.405041	Коенкозова	Коенкозова
42.501863	78.395172		
42.847919	74.543469		
42.844214	74.544625		
42.845068	74.543720		
42.844262	74.539484		
42.844022	74.540402		
41.413855	73.993780		
41.413570	73.992086		
41.415227	74.025244		
41.415333	74.026233		
41.389105	73.955718		
41.388089	73.954123		
42.649337	77.046552	Кадамжай автобекети	Кадамжай автобекети
42.658487	77.203579		
42.825073	74.512361		
42.825239	74.520528		
42.824845	74.521912		
42.824933	74.536490		
42.824466	74.537652		
42.825699	74.543788		
42.826525	74.544561		
42.844579	74.525861		
42.844353	74.526806		
42.844400	74.530931		
42.844136	74.532738		
42.843988	74.545033		
42.843824	74.553426		
42.844093	74.551965		
42.843790	74.565444		
42.844715	74.519458		
42.844797	74.512963		
42.844555	74.513484		
42.822704	73.513238	№303. Чалдовар-Кара-Балта-Бишкек	№303. Чалдовар-Кара-Балта-Бишкек
40.942262	73.028229		
42.646280	77.050691	Школа	Школа
42.651809	77.094385	Военкомат	Военкомат
42.651710	77.092611	Парк	Парк
42.651893	77.092647	Парк	Парк
42.651628	77.096696	РСК-Банк	РСК-Банк
42.649566	77.085872	Почта	Почта
42.649666	77.085518	Почта	Почта
42.641718	77.064928	Базар	Базар
42.641683	77.065291	Базар	Базар
42.642114	77.066170	Акимиат	Акимиат
42.642220	77.066058	Акимиат	Акимиат
42.643439	77.070632	Мечеть	Мечеть
42.643577	77.070600	Мечеть	Мечеть
42.644757	77.072875	РОВД	РОВД
42.644960	77.073661	РОВД	РОВД
42.646896	77.078259	Ала-Тоо	Ала-Тоо
42.646877	77.078704	Ала-Тоо	Ала-Тоо
42.647608	77.080119	Автовокзал	Автовокзал
43.053665	74.470287		
42.650475	77.088222	Народный	Народный
42.650236	77.088346	Народный	Народный
42.651001	77.103101	Голубой Иссык-Куль, Больница	Голубой Иссык-Куль, Больница
40.546793	72.707846		
42.893763	74.894282		
42.843355	74.636194	Улан микрорайон	Улан микрорайон
42.894978	74.901344		
42.895764	74.904781		
42.963644	74.577681		
42.963136	74.576908		
42.962790	74.576326		
42.715324	75.116959		
42.715271	75.118391		
42.715689	74.674592		
42.784193	74.653417		
42.714931	74.664315		
42.730457	74.643497		
42.729456	74.645084		
42.726788	74.655008		
42.892276	74.865158		
42.887354	74.858388		
42.889516	74.858220		
42.890697	74.857778		
42.489163	78.410370		
42.321800	73.818864		
41.430289	75.886099		
41.429731	75.892764		
41.429420	75.891808		
42.872801	74.760801		
42.902397	74.846057		
42.903272	74.848087		
42.877366	74.850956		
42.174529	77.391690	Место съезда с перевала Тосор	Место съезда с перевала Тосор
42.707870	74.748136		
40.844366	73.246335		
42.873675	74.683879		
42.873198	74.684879		
42.868739	74.690425		
42.869385	74.690771		
42.602036	75.137722		
42.863804	74.613167		
42.858215	74.519397		
42.859070	74.528516		
42.848006	74.549246	203 Аялдамасы	203 Аялдамасы
42.115613	76.979407	Мамбетова	Мамбетова
42.852091	74.548757	Репин	Репин
42.851896	74.554211	Купян	Купян
42.756310	74.578326	Заречное	Заречное
42.756361	74.577669	Заречное	Заречное
42.760460	74.568246	Арка	Арка
42.760343	74.568795	Арка	Арка
42.941568	74.642584	Объезд	Объезд
42.941480	74.642485	Объезд	Объезд
42.941415	74.638592	Энесай	Энесай
42.851398	74.527658	Кырк-Кыз	Кырк-Кыз
42.820976	74.498611	ТЭЦ-2	ТЭЦ-2
40.530827	72.796644	ОшГУ	ОшГУ
40.523678	72.797921	Городская Больница	Городская Больница
40.524468	72.799205		
40.520697	72.802499	ОНДТ	ОНДТ
42.196719	75.894793		
42.842100	74.623788	Юнусалиев	Юнусалиев
42.842074	74.628028	Саякбай Каралаев	Саякбай Каралаев
42.841927	74.628738	Саякбай Каралаев	Саякбай Каралаев
41.258312	73.897259		
41.258710	73.897814		
39.998422	70.737526		
39.998619	70.736718		
42.873708	74.572359		
40.056650	72.090286		
40.056627	72.090458		
42.857662	74.559737		
42.859625	74.559805		
42.451705	76.172269	Тоголок Молдо	Тоголок Молдо
42.460632	76.182233	Новый Рынок	Новый Рынок
42.871874	74.613527		
40.621137	72.830323		
39.677620	72.882998		
42.873454	74.588070		
42.826751	74.590867		
41.981932	74.832016		
41.982010	74.830964		
42.826354	74.591171		
42.649881	77.086318		
42.750316	75.272906		
42.751371	75.272344		
42.925652	74.592981	Профессора Зимы	Профессора Зимы
42.926360	74.597481	Чуй 35	Чуй 35
42.926297	74.598276	Чуй 35	Чуй 35
42.874810	74.674750		
42.874922	74.645194		
42.500197	78.388235	GoBus	GoBus
42.831388	74.591205	Парк Ынтымак	Ынтымак паркы
42.829747	74.564844	Микрорайон Джал	Микрорайон Джал
42.864089	74.612147		
42.864226	74.621267		
42.879301	74.606242	Абдумомунова	Абдумомунова
42.836482	74.614615	Сүйөркулов	Сүйөркулов
42.803441	74.583366	ВДНХ	ВДНХ
42.244362	76.583233		
42.693565	75.875789		
42.768803	75.805385		
42.874649	74.718850		
42.877354	74.710417		
42.956655	74.654208	Ленинское	Ленинское
42.884167	74.583044	Шевченко	Шевченко
42.595001	78.327824		
42.873666	74.508448		
41.420989	74.024176		
42.825201	74.526907		
42.824798	74.528988		
42.823284	74.589039		
42.822125	74.588492		
42.876194	74.562745		
42.825128	74.585144		
42.824537	74.584766		
42.852254	74.540762		
42.826041	74.510825		
40.262550	72.137743		
40.216149	71.008912		
40.216779	71.009303		
42.948394	74.647481	АЗС	АЗС
42.963296	74.657869	Лицей	Лицей
42.963635	74.658317	Лицей	Лицей
42.905554	74.557382	Колмо	Колмо
42.813945	74.641205	12-й микрорайон	12-й микрорайон
42.929002	74.570456	Маевка	Маевка
42.905365	74.557528	Колмо	Колмо
42.909805	74.561845	улица Набережная	улица Набережная
42.883945	74.602288	Панфилова	Панфилова
42.884308	74.602242	Панфилова	Панфилова
42.504814	78.392685		
42.504762	78.392688		
42.848439	74.543048		
42.886683	74.635647		
42.818295	74.596928	ж/м Ала-Арча	ж/м Ала-Арча
42.817792	74.596433	ж/м Ала-Арча	ж/м Ала-Арча
40.514110	72.766687	Бекмамата Осмонова	Бекмамата Осмонова
40.510504	72.769760	Дыйкан-Кыштак	Дыйкан-Кыштак
40.510239	72.769685	Дыйкан-Кыштак	Дыйкан-Кыштак
40.509859	72.770000	Дыйкан-Кыштак	Дыйкан-Кыштак
40.503979	72.774581		
42.830622	74.585442	Масалиева	Масалиева
42.805455	74.569359	Садырбаева	Садырбаева
42.805278	74.568889	Садырбаева	Садырбаева
42.811090	74.566271	Матисакова	Матисакова
42.488768	78.410595		
42.513844	78.385455		
42.514509	78.385872		
42.875245	74.664806		
42.874876	74.664544		
42.873821	74.676412		
42.873933	74.678504		
42.865107	74.690985		
42.821701	74.633330		
42.823495	74.631991		
42.491897	78.385853		
42.489678	78.526797		
42.844236	74.512082		
42.845232	74.512482		
42.825571	74.612859		
42.826718	74.612019		
42.866974	74.647586		
42.867656	74.674626		
42.889077	74.456991	БЧК	БЧК
42.874375	74.477627	Рынок Заря - Колхозная	Рынок Заря - Колхозная
42.874916	74.489736	Улица Школьная	Улица Школьная
42.874744	74.501226	Баетова - Абаканская	Баетов - Абакан
42.873816	74.517363	Мелькомбинат «Акун»	«Акун» жабык акционердик коому
42.874309	74.521725		
42.875191	74.488517	Улица Школьная	Улица Школьная
42.875019	74.532679	Кайназаровой	Кайназарова көчөсү
42.875616	74.544698	Район Кызыл-Аскер	Кызыл-Аскер району
42.856798	74.611569	Горького	Горький көчөсү
42.841498	74.639668	Магазин Глобус	Глобус дүкөнү
42.841674	74.643374	Куйручук	Куйручук
42.841406	74.644656	Куйручук	Куйручук
42.833090	74.642269	Молдокулов	Молдокулов
42.833171	74.642256	Молдокулова	Молдокулов
42.833808	74.647719	Арстанбап	Арстанбап
42.839018	74.644126		
42.841756	74.638462	Магазин Глобус	Глобус дүкөнү
42.855341	74.635299	Анкара	Анкара
42.856058	74.632788	Торговый центр Технопарк	Технопарк соода борбору
42.874182	74.515913	Мелькомбинат «Акун»	«Акун» жабык акционердик коому
42.874397	74.507526	Киркомстром - Школа № 42	Киркомстром - № 42 мектеп
42.875407	74.498931	Улица Баетова - Абаканская	Баетов - Абакан
42.874647	74.476159	Рынок Заря - Колхозная	Рынок Заря - Колхозная
42.876932	74.469382	Улица Деповская	Улица Деповская
42.889204	74.457587	БЧК	ЧЧК
42.875322	74.537361	Школа №49	Школа №49
42.876806	74.586917	Филармония имени Токтогула Сатылганова	Токтогул Сатылганов атындагы Кыргыз улуттук филармониясы
42.876429	74.594385	Кинотеатр Россия	"Россия" кинотеатры
42.874828	74.602098	Площадь Ала-Тоо	Ала-Тоо аянты
42.825830	75.296341	Шоссейная	Шоссейная
42.831085	75.290122	Автовокзал	Автовокзал
42.822338	75.301981	Гостиница	Гостиница
42.855502	74.650589		
42.855292	74.663711		
42.855702	74.658705		
42.859380	74.690471	Исакеева	Исакеева
42.855482	74.678888		
42.905401	74.574405		
42.904760	74.591641		
42.575066	74.496408		
42.946863	74.478283		
42.937118	74.489274		
42.905055	74.528803		
42.905309	74.529061		
42.899397	74.536260		
42.891123	74.546727		
42.887678	74.551096		
42.886406	74.552256		
42.459233	76.175575		
42.459173	76.174186		
42.460562	76.180864	Новый Рынок	Новый Рынок
42.463207	76.193658		
42.466803	76.225073		
40.528751	72.793989	улица Гапара Айтиева	улица Гапара Айтиева
40.528651	72.792761	улица Гапара Айтиева	улица Гапара Айтиева
40.532481	72.793834	ОшГУ	ОшГУ
40.534833	72.792975	Гостиница Алай	Гостиница Алай
40.536299	72.794946		
40.536181	72.795342		
40.534486	72.795656	Кыргызтелеком	Кыргызтелеком
42.836459	74.071097		
42.836117	74.071448		
42.837599	74.063863		
42.837236	74.064397		
42.838705	74.056284		
42.838536	74.055553		
42.839611	74.048058		
42.839987	74.047532		
42.840502	74.042133		
42.840987	74.040757		
42.841237	74.035272		
42.841561	74.034049		
42.841728	74.028132		
42.841414	74.029403		
42.841933	74.018355		
42.841637	74.019063		
42.841773	74.012426		
42.842084	74.011138		
42.841879	74.005289		
42.842090	74.003661		
42.841611	73.992624		
42.841352	73.993312		
42.841511	73.982831		
42.841085	73.983621		
42.844714	73.961142		
42.844879	73.960361		
42.843389	73.950898		
42.843434	73.949156		
42.842423	73.941405		
42.842362	73.943014		
42.840821	73.929036		
42.840134	73.927348		
42.885134	74.591527		
42.892375	74.603087		
42.852348	74.536801		
42.851969	74.508521		
42.852903	74.504742		
42.852883	74.502835		
42.853154	74.480580		
42.852921	74.481158		
42.864914	74.508046		
42.865368	74.508679		
42.865319	74.561270		
42.865166	74.562045		
42.865595	74.567715		
42.865414	74.567900		
42.865127	74.556815		
42.858375	74.512270		
42.858230	74.513260		
42.858045	74.523095		
42.858348	74.523980		
42.859550	74.530105		
42.859982	74.534667		
42.860267	74.535834		
42.853057	74.535640		
42.851832	74.511829		
42.839623	74.505262		
42.844103	74.505545		
42.843789	74.505334		
42.832748	74.511292		
42.833455	74.511667		
42.826358	74.511162		
42.820549	74.492246		
42.822696	74.481885		
42.469327	78.262815		
42.469279	78.264603		
42.450814	78.190303		
42.811347	74.510667		
42.829803	74.559863		
42.829421	74.561595		
42.829198	74.593343		
42.828834	74.594517		
42.795748	74.512393		
42.999098	74.437362		
43.023174	74.435549		
43.053342	74.469987		
43.051103	74.472955		
43.079703	74.437107		
42.869087	74.378865		
42.869283	74.376745		
42.867658	74.364569		
42.867917	74.364096		
42.866110	74.353371		
42.865920	74.354023		
42.864852	74.343801		
42.864870	74.336873		
42.864590	74.337438		
42.864740	74.331823		
42.863657	74.322477		
42.862729	74.317572		
42.862476	74.317751		
42.858281	74.304241		
42.858389	74.302684		
42.874032	74.770689		
42.873423	74.766546		
42.871347	74.752824		
42.871734	74.753786		
42.870575	74.746298		
42.883063	74.691542		
42.887804	74.666789		
42.882794	74.636531		
42.882163	74.637079		
42.905414	74.589370		
42.903303	74.597103		
42.903628	74.610853		
42.906462	74.612415		
42.871775	74.637158		
42.949610	74.648824		
42.984053	74.672395		
42.990190	74.676040		
42.993922	74.678104		
42.994161	74.678608		
43.003181	74.686582		
43.004025	74.687420		
43.007000	74.688427		
43.008246	74.688972		
43.008615	74.689589		
43.012020	74.690761	Алмаз дүкөнү	Алмаз дүкөнү
43.013233	74.691755	Алмаз дүкөнү	Алмаз дүкөнү
43.017878	74.695572		
43.018290	74.696477		
42.988753	74.675595		
42.970496	74.662858		
42.932952	74.636374		
42.890201	74.635056		
42.911962	74.598613		
42.892822	74.610966		
42.892993	74.610153		
42.811383	74.641103		
42.877937	74.794623		
42.896255	74.938055		
42.896426	74.940049		
42.899693	74.956253		
42.899806	74.955650		
42.900883	74.965673		
42.900985	74.964550		
42.858323	74.518830		
42.857662	74.490133		
40.523273	72.807965	Городская Баня	Городская Баня
40.522771	72.808489	Городская Баня	Городская Баня
42.816319	74.563856		
42.855652	74.567937		
42.855706	74.568147		
42.873829	74.459929		
42.873601	74.455165		
42.872859	74.440873		
41.344010	72.935270	Taxi from/to center	Taxi from/to center
40.529358	72.800217	Ак-Буура	Ак-Буура
40.495206	72.820228	Алымбек датка	Алымбек датка
42.933847	74.635189		
42.839201	74.519758	Школа №77	Школа №77
42.859897	74.691666	Кырман	Кырман
42.858783	74.691590	Кырман	Кырман
42.481468	78.400730		
42.478111	78.410549		
42.480075	78.413299		
42.472265	78.410823		
42.472990	78.410336		
42.496738	78.409340		
42.806083	74.565348		
40.607290	72.785435	Аэропорт	Аэропорт
42.841630	74.648776	Кыргыз-Казак университети	Кыргыз-Казак университети
42.841381	74.649704	Кыргыз-Казак университети	Кыргыз-Казак университети
42.782854	75.732218		
42.795352	75.675763		
42.798209	75.666066		
42.804289	75.643928		
42.491845	78.385888	Маршрутка до Боконбаево, Тосора, Тамги.	Маршрутка до Боконбаево, Тосора, Тамги.
42.494100	78.384991	Жети Огуз	Жети Огуз
42.722335	74.628608	Акыркы аялдама	Акыркы аялдама
42.769198	74.533427	Сейиткул Садык уулу	Сейиткул Садык уулу
42.961088	74.579519	Акыркы аялдама	Акыркы аялдама
42.961105	74.579298	Акыркы аялдама	Акыркы аялдама
42.950662	74.588632	Акыркы аялдама	Акыркы аялдама
42.313229	76.278230		
42.372706	76.081927		
42.883996	74.661322	Аламүдүн Айыл өкмөтү	Аламүдүн Айыл өкмөтү